{"Kanuru": [16.4914616, 80.6880499], "Visannapeta": [16.94189, 80.78378], "kanuru": [16.3034636, 81.2602537], "Chandrupatla": [18.5535907, 80.4027327], "Vijayawada": [16.5115306, 80.6160469], "vijayawada ": [16.5115306, 80.6160469], "Nuzvidu": [16.5497607, 80.6570552], "Chandrupatla, Vissannapeta, NTR, Andhra Pradesh, 521215, India": [16.9685004, 80.757435], "Nuzvid, Eluru district, Andhra Pradesh, 521200, India": [16.7907012, 80.8476103], "Kanuru, Kotturu, Machilipatnam, Krishna, Andhra Pradesh, India": [16.3034636, 81.2602537], "Vinukonda, Vinukonda - Addanki Road, Gonuguntlavaripalem, Vinukonda, Palnadu, Andhra Pradesh, 522647, India": [16.0506568, 79.7477201], "Tadigadapa, Penamaluru, Krishna, Andhra Pradesh, 521137, India": [16.4722303, 80.700072], "Penamaluru, Krishna, Andhra Pradesh, 521139, India": [16.4630939, 80.7186115], "Porumamilla, YSR district, Andhra Pradesh, 516193, India": [15.0036346, 79.0322201]}