{"Kanuru": [16.4914616, 80.6880499], "Visannapeta": [16.94189, 80.78378], "kanuru": [16.3034636, 81.2602537], "Chandrupatla": [18.5535907, 80.4027327], "Vijayawada": [16.5115306, 80.6160469], "vijayawada ": [16.5115306, 80.6160469]}